<?xml version="1.0"?>
<!DOCTYPE CodeBlocks_lexer_properties>
<CodeBlocks_lexer_properties>
		<Lexer name="QuakeC"
				index="3"
				filemasks="*.qc,*.qh">
				<Style name="Default"
						index="0"
						fg="0,0,0"
						bg="200,200,200"
						bold="0"
						italics="0"
						underlined="0"/>
				<Style name="Comment (normal)"
						index="1,2"
						fg="0,64,64"
						bold="1"
						italic="0"/>
				<Style name="Comment (documentation)"
						index="3,15"
						fg="128,128,255"
						bold="1"/>
				<Style name="Comment keyword (documentation)"
						index="17"
						fg="0,128,128"/>
				<Style name="Comment keyword error (documentation)"
						index="18"
						fg="128,0,0"/>
				<Style name="Number"
						index="4"
						fg="107,33,33"/>
				<Style name="Keyword"
						index="5"
						fg="0,0,64"
						bold="1"/>
				<Style name="User keyword"
						index="16"
						fg="0,160,0"
						bold="1"/>
				<Style name="String"
						index="6,12"
						fg="0,64,0"
						bold="1"/>						
				<Style name="Character"
						index="7"
						fg="224,160,0"/>
				<Style name="UUID"
						index="8"
						fg="0,0,0"/>
				<Style name="Preprocessor"
						index="9"
						fg="0,160,0"/>
				<Style name="Operator"
						index="10"
						fg="0,51,49"
						bold="1"/>						
				<Style name="Selection"
						index="-99"
						bg="162,162,185"/>
				<Style name="Active line"
						index="-98"
						bg="255,255,255"/>
				<Style name="Breakpoint line"
						index="-2"
						bg="157,196,182"/>
				<Style name="Debugger active line"
						index="-3"
						bg="184,223,255"/>
				<Style name="Compiler error line"
						index="-4"
						bg="255,128,128"/>
				<Style name="Matching brace highlight"
						index="34"
						fg="255,0,0"
						bold="1"
						underlined="1"/>
				<Style name="No matching brace highlight"
						index="35"
						bg="255,0,0"/>
				<Keywords>
						<Language index="0"
								value="float .float vector .vevtor entity .entity void string .string int .int
								self other time if else do while local return
								asm break case class const contitiue defualt enum enumflags extern for goto integer
								noref nosave shared state struct switch thinktime typedef union var"/>
						<User index="1"/>
						<Documentation index="2"
								value="a addindex addtogroup anchor arg attention
								author b brief bug c class code date def defgroup deprecated dontinclude
								e em endcode endhtmlonly endif endlatexonly endlink endverbatim enum example exception
								f$ f[ f] file fn hideinitializer htmlinclude htmlonly
								if image include ingroup internal invariant interface latexonly li line link
								mainpage name namespace nosubgrouping note overload
								p page par param post pre ref relates remarks return retval
								sa section see showinitializer since skip skipline struct subsection
								test throw todo typedef union until
								var verbatim verbinclude version warning weakgroup $ @ \ & < > # { }"/>
				</Keywords>
				<SampleCode value="lexer_qc.sample"
						breakpoint_line="10"
						debug_line="11"
						error_line="13"/>
		</Lexer>
</CodeBlocks_lexer_properties>
